USE [lesson32_hw]
GO
/****** Object:  Table [dbo].[Customer]    Script Date: 12/5/2020 4:21:14 PM ******/
SET ANSI_NULLS ON
GO
SET QUOTED_IDENTIFIER ON
GO
CREATE TABLE [dbo].[Customer](
	[ID] [bigint] IDENTITY(1,1) NOT NULL,
	[NAME] [varchar](50) NOT NULL,
	[ADDRESS] [varchar](50) NOT NULL,
	[AGE] [int] NOT NULL,
 CONSTRAINT [PK_Customer] PRIMARY KEY CLUSTERED 
(
	[ID] ASC
)WITH (PAD_INDEX = OFF, STATISTICS_NORECOMPUTE = OFF, IGNORE_DUP_KEY = OFF, ALLOW_ROW_LOCKS = ON, ALLOW_PAGE_LOCKS = ON) ON [PRIMARY]
) ON [PRIMARY]
GO
/****** Object:  Table [dbo].[Orders]    Script Date: 12/5/2020 4:21:14 PM ******/
SET ANSI_NULLS ON
GO
SET QUOTED_IDENTIFIER ON
GO
CREATE TABLE [dbo].[Orders](
	[PRODUCT_ID] [bigint] IDENTITY(1,1) NOT NULL,
	[CUSTOMER_ID] [bigint] NOT NULL,
 CONSTRAINT [PK_Orders] PRIMARY KEY CLUSTERED 
(
	[PRODUCT_ID] ASC
)WITH (PAD_INDEX = OFF, STATISTICS_NORECOMPUTE = OFF, IGNORE_DUP_KEY = OFF, ALLOW_ROW_LOCKS = ON, ALLOW_PAGE_LOCKS = ON) ON [PRIMARY]
) ON [PRIMARY]
GO
/****** Object:  Table [dbo].[Products]    Script Date: 12/5/2020 4:21:14 PM ******/
SET ANSI_NULLS ON
GO
SET QUOTED_IDENTIFIER ON
GO
CREATE TABLE [dbo].[Products](
	[ID] [bigint] IDENTITY(1,1) NOT NULL,
	[NAME] [varchar](50) NOT NULL,
	[PRICE] [real] NOT NULL,
	[CATEGORY] [varchar](50) NOT NULL,
	[VENDOR] [varchar](50) NOT NULL,
 CONSTRAINT [PK_Products] PRIMARY KEY CLUSTERED 
(
	[ID] ASC
)WITH (PAD_INDEX = OFF, STATISTICS_NORECOMPUTE = OFF, IGNORE_DUP_KEY = OFF, ALLOW_ROW_LOCKS = ON, ALLOW_PAGE_LOCKS = ON) ON [PRIMARY]
) ON [PRIMARY]
GO
SET IDENTITY_INSERT [dbo].[Customer] ON 

INSERT [dbo].[Customer] ([ID], [NAME], [ADDRESS], [AGE]) VALUES (1, N'HAMAM', N'OMAR BEN EL-HATAB', 29)
INSERT [dbo].[Customer] ([ID], [NAME], [ADDRESS], [AGE]) VALUES (2, N'SHAMS', N'SALAH EL- DEEN', 15)
INSERT [dbo].[Customer] ([ID], [NAME], [ADDRESS], [AGE]) VALUES (3, N'ANWAR', N'SAAD ZAGHLOL, 50', 55)
INSERT [dbo].[Customer] ([ID], [NAME], [ADDRESS], [AGE]) VALUES (4, N'TAMER', N'OMAR BEN EL-HATAB', 18)
INSERT [dbo].[Customer] ([ID], [NAME], [ADDRESS], [AGE]) VALUES (5, N'SHATHA', N'SALAH EL- DEEN', 29)
SET IDENTITY_INSERT [dbo].[Customer] OFF
SET IDENTITY_INSERT [dbo].[Orders] ON 

INSERT [dbo].[Orders] ([PRODUCT_ID], [CUSTOMER_ID]) VALUES (1, 2)
INSERT [dbo].[Orders] ([PRODUCT_ID], [CUSTOMER_ID]) VALUES (2, 1)
INSERT [dbo].[Orders] ([PRODUCT_ID], [CUSTOMER_ID]) VALUES (3, 2)
INSERT [dbo].[Orders] ([PRODUCT_ID], [CUSTOMER_ID]) VALUES (4, 4)
INSERT [dbo].[Orders] ([PRODUCT_ID], [CUSTOMER_ID]) VALUES (5, 2)
SET IDENTITY_INSERT [dbo].[Orders] OFF
SET IDENTITY_INSERT [dbo].[Products] ON 

INSERT [dbo].[Products] ([ID], [NAME], [PRICE], [CATEGORY], [VENDOR]) VALUES (1, N'PRINTER', 2500, N'TECHNOLOGY', N'SAMSUNG')
INSERT [dbo].[Products] ([ID], [NAME], [PRICE], [CATEGORY], [VENDOR]) VALUES (2, N'MARKERS', 30, N'ART', N'SHARPIE')
INSERT [dbo].[Products] ([ID], [NAME], [PRICE], [CATEGORY], [VENDOR]) VALUES (3, N'GAMING-PC', 14000, N'TECHNOLOGY', N'ASUS')
INSERT [dbo].[Products] ([ID], [NAME], [PRICE], [CATEGORY], [VENDOR]) VALUES (4, N'PINCILS', 20, N'ART', N'FABER CASTELL')
INSERT [dbo].[Products] ([ID], [NAME], [PRICE], [CATEGORY], [VENDOR]) VALUES (5, N'MOBILES', 5000, N'TECHNOLOGY', N'SAMSUNG')
SET IDENTITY_INSERT [dbo].[Products] OFF
ALTER TABLE [dbo].[Orders]  WITH CHECK ADD  CONSTRAINT [FK_Orders_Customer] FOREIGN KEY([CUSTOMER_ID])
REFERENCES [dbo].[Customer] ([ID])
GO
ALTER TABLE [dbo].[Orders] CHECK CONSTRAINT [FK_Orders_Customer]
GO
ALTER TABLE [dbo].[Orders]  WITH CHECK ADD  CONSTRAINT [FK_Orders_Products] FOREIGN KEY([PRODUCT_ID])
REFERENCES [dbo].[Products] ([ID])
GO
ALTER TABLE [dbo].[Orders] CHECK CONSTRAINT [FK_Orders_Products]
GO
